Date,Opponent,Total FG Attempted,Total FG Made,Total FG Percentage,3pt FG Attempted,3pt FG Made,3pt FG Percentage
2010-02-21 00:00:00,Atlanta Hawks,18,13,72.22%,3,1,0.3333333333333333
2010-03-05 00:00:00,Atlanta Hawks,19,11,57.89%,9,5,0.5555555555555556
2010-12-29 00:00:00,Atlanta Hawks,13,4,30.77%,3,,
2011-02-25 00:00:00,Atlanta Hawks,7,2,28.57%,2,,
2012-11-14 00:00:00,Atlanta Hawks,12,4,33.33%,5,,
2012-12-15 00:00:00,Atlanta Hawks,20,6,30.00%,11,3,0.2727272727272727
2014-01-03 00:00:00,Atlanta Hawks,15,7,46.67%,7,1,0.14285714285714285
2014-03-07 00:00:00,Atlanta Hawks,10,5,50.00%,4,1,0.25
2015-02-06 00:00:00,Atlanta Hawks,19,8,42.11%,9,4,0.4444444444444444
2015-03-18 00:00:00,Atlanta Hawks,11,4,36.36%,5,2,0.4
2016-02-22 00:00:00,Atlanta Hawks,22,14,63.64%,11,5,0.45454545454545453
2016-11-28 00:00:00,Atlanta Hawks,17,6,35.29%,11,4,0.36363636363636365
2017-03-06 00:00:00,Atlanta Hawks,20,8,40.00%,15,6,0.4
2018-03-02 00:00:00,Atlanta Hawks,15,8,53.33%,9,4,0.4444444444444444
2018-03-23 00:00:00,Atlanta Hawks,18,10,55.56%,8,3,0.375
2009-11-18 00:00:00,Boston Celtics,10,4,40.00%,4,1,0.25
2009-12-28 00:00:00,Boston Celtics,4,,,1,,
2011-02-22 00:00:00,Boston Celtics,10,7,70.00%,2,1,0.5
2011-03-04 00:00:00,Boston Celtics,11,4,36.36%,4,1,0.25
2012-12-29 00:00:00,Boston Celtics,13,8,61.54%,5,4,0.8
2013-03-01 00:00:00,Boston Celtics,22,6,27.27%,11,3,0.2727272727272727
2014-01-10 00:00:00,Boston Celtics,18,7,38.89%,8,3,0.375
2014-03-05 00:00:00,Boston Celtics,10,6,60.00%,4,1,0.25
2015-01-25 00:00:00,Boston Celtics,16,6,37.50%,5,1,0.2
2015-03-01 00:00:00,Boston Celtics,22,14,63.64%,8,5,0.625
2015-12-11 00:00:00,Boston Celtics,27,9,33.33%,13,6,0.46153846153846156
2016-04-01 00:00:00,Boston Celtics,19,9,47.37%,14,8,0.5714285714285714
2016-11-18 00:00:00,Boston Celtics,19,7,36.84%,9,2,0.2222222222222222
2017-03-08 00:00:00,Boston Celtics,16,8,50.00%,9,2,0.2222222222222222
2017-11-16 00:00:00,Boston Celtics,14,3,21.43%,9,2,0.2222222222222222
2018-01-27 00:00:00,Boston Celtics,23,16,69.57%,12,8,0.6666666666666666
2012-11-21 00:00:00,Brooklyn Nets,13,7,53.85%,4,2,0.5
2012-12-07 00:00:00,Brooklyn Nets,19,10,52.63%,9,5,0.5555555555555556
2014-01-08 00:00:00,Brooklyn Nets,24,11,45.83%,9,2,0.2222222222222222
2014-02-22 00:00:00,Brooklyn Nets,13,7,53.85%,4,3,0.75
2014-11-13 00:00:00,Brooklyn Nets,12,6,50.00%,7,3,0.42857142857142855
2015-03-02 00:00:00,Brooklyn Nets,16,8,50.00%,12,6,0.5
2015-11-14 00:00:00,Brooklyn Nets,31,13,41.94%,16,5,0.3125
2015-12-06 00:00:00,Brooklyn Nets,17,11,64.71%,9,5,0.5555555555555556
2016-12-22 00:00:00,Brooklyn Nets,17,6,35.29%,11,3,0.2727272727272727
2017-02-25 00:00:00,Brooklyn Nets,21,9,42.86%,10,5,0.5
2017-11-19 00:00:00,Brooklyn Nets,24,14,58.33%,10,4,0.4
2018-03-06 00:00:00,Brooklyn Nets,20,12,60.00%,12,6,0.5
2010-01-29 00:00:00,Charlotte Hornets,15,8,53.33%,4,2,0.5
2010-03-06 00:00:00,Charlotte Hornets,23,8,34.78%,8,4,0.5
2010-12-31 00:00:00,Charlotte Hornets,17,10,58.82%,5,4,0.8
2011-01-28 00:00:00,Charlotte Hornets,12,8,66.67%,5,4,0.8
2012-12-10 00:00:00,Charlotte Hornets,22,10,45.45%,7,4,0.5714285714285714
2012-12-21 00:00:00,Charlotte Hornets,17,9,52.94%,13,8,0.6153846153846154
2013-12-09 00:00:00,Charlotte Hornets,31,14,45.16%,15,5,0.3333333333333333
2014-02-04 00:00:00,Charlotte Hornets,18,8,44.44%,7,1,0.14285714285714285
2014-11-15 00:00:00,Charlotte Hornets,15,8,53.33%,6,3,0.5
2014-11-28 00:00:00,Charlotte Hornets,20,9,45.00%,10,1,0.1
2015-12-02 00:00:00,Charlotte Hornets,18,14,77.78%,11,8,0.7272727272727273
2016-01-04 00:00:00,Charlotte Hornets,21,12,57.14%,10,5,0.5
2017-01-25 00:00:00,Charlotte Hornets,22,11,50.00%,11,6,0.5454545454545454
2017-02-01 00:00:00,Charlotte Hornets,20,14,70.00%,15,11,0.7333333333333333
2009-12-11 00:00:00,Chicago Bulls,9,3,33.33%,3,,
2010-01-18 00:00:00,Chicago Bulls,18,9,50.00%,8,5,0.625
2010-11-11 00:00:00,Chicago Bulls,18,7,38.89%,5,2,0.4
2011-02-05 00:00:00,Chicago Bulls,15,9,60.00%,4,2,0.5
2011-12-26 00:00:00,Chicago Bulls,12,7,58.33%,3,1,0.3333333333333333
2013-01-25 00:00:00,Chicago Bulls,18,7,38.89%,7,3,0.42857142857142855
2013-03-15 00:00:00,Chicago Bulls,13,2,15.38%,5,,
2014-02-06 00:00:00,Chicago Bulls,19,13,68.42%,6,4,0.6666666666666666
2014-02-26 00:00:00,Chicago Bulls,10,2,20.00%,5,1,0.2
2014-12-06 00:00:00,Chicago Bulls,14,5,35.71%,5,1,0.2
2015-01-27 00:00:00,Chicago Bulls,22,9,40.91%,8,2,0.25
2015-11-20 00:00:00,Chicago Bulls,20,9,45.00%,11,3,0.2727272727272727
2016-01-20 00:00:00,Chicago Bulls,18,8,44.44%,9,3,0.3333333333333333
2017-02-08 00:00:00,Chicago Bulls,11,5,45.45%,4,1,0.25
2017-03-02 00:00:00,Chicago Bulls,26,10,38.46%,10,2,0.2
2017-11-24 00:00:00,Chicago Bulls,18,10,55.56%,11,4,0.36363636363636365
2018-01-17 00:00:00,Chicago Bulls,17,10,58.82%,10,6,0.6
2009-11-17 00:00:00,Cleveland Cavaliers,10,6,60.00%,6,2,0.3333333333333333
2010-01-11 00:00:00,Cleveland Cavaliers,15,8,53.33%,2,1,0.5
2011-01-07 00:00:00,Cleveland Cavaliers,7,4,57.14%,4,3,0.75
2011-03-08 00:00:00,Cleveland Cavaliers,18,10,55.56%,5,2,0.4
2012-11-07 00:00:00,Cleveland Cavaliers,14,8,57.14%,6,2,0.3333333333333333
2013-12-29 00:00:00,Cleveland Cavaliers,23,10,43.48%,10,5,0.5
2014-03-14 00:00:00,Cleveland Cavaliers,17,8,47.06%,10,5,0.5
2015-01-09 00:00:00,Cleveland Cavaliers,15,8,53.33%,8,3,0.375
2015-02-26 00:00:00,Cleveland Cavaliers,17,5,29.41%,9,3,0.3333333333333333
2015-06-04 00:00:00,Cleveland Cavaliers,20,10,50.00%,6,2,0.3333333333333333
2015-06-07 00:00:00,Cleveland Cavaliers,23,5,21.74%,15,2,0.13333333333333333
2015-06-09 00:00:00,Cleveland Cavaliers,20,10,50.00%,13,7,0.5384615384615384
2015-06-11 00:00:00,Cleveland Cavaliers,17,8,47.06%,7,4,0.5714285714285714
2015-06-14 00:00:00,Cleveland Cavaliers,23,13,56.52%,13,7,0.5384615384615384
2015-06-16 00:00:00,Cleveland Cavaliers,19,8,42.11%,11,3,0.2727272727272727
2015-12-25 00:00:00,Cleveland Cavaliers,14,6,42.86%,3,1,0.3333333333333333
2016-01-18 00:00:00,Cleveland Cavaliers,18,12,66.67%,12,7,0.5833333333333334
2016-06-02 00:00:00,Cleveland Cavaliers,15,4,26.67%,8,3,0.375
2016-06-05 00:00:00,Cleveland Cavaliers,11,7,63.64%,8,4,0.5
2016-06-08 00:00:00,Cleveland Cavaliers,13,6,46.15%,9,3,0.3333333333333333
2016-06-10 00:00:00,Cleveland Cavaliers,25,11,44.00%,13,7,0.5384615384615384
2016-06-13 00:00:00,Cleveland Cavaliers,21,8,38.10%,14,5,0.35714285714285715
2016-06-16 00:00:00,Cleveland Cavaliers,20,8,40.00%,13,6,0.46153846153846156
2016-06-19 00:00:00,Cleveland Cavaliers,19,6,31.58%,14,4,0.2857142857142857
2016-12-25 00:00:00,Cleveland Cavaliers,11,4,36.36%,7,2,0.2857142857142857
2017-01-16 00:00:00,Cleveland Cavaliers,20,7,35.00%,12,5,0.4166666666666667
2017-06-01 00:00:00,Cleveland Cavaliers,21,11,52.38%,10,6,0.6
2017-06-04 00:00:00,Cleveland Cavaliers,16,7,43.75%,10,4,0.4
2017-06-07 00:00:00,Cleveland Cavaliers,19,8,42.11%,9,5,0.5555555555555556
2017-06-09 00:00:00,Cleveland Cavaliers,12,4,33.33%,8,2,0.25
2017-06-12 00:00:00,Cleveland Cavaliers,19,10,52.63%,8,2,0.25
2018-01-15 00:00:00,Cleveland Cavaliers,15,8,53.33%,8,4,0.5
2018-05-31 00:00:00,Cleveland Cavaliers,23,11,47.83%,11,5,0.45454545454545453
2018-06-03 00:00:00,Cleveland Cavaliers,26,11,42.31%,17,9,0.5294117647058824
2018-06-06 00:00:00,Cleveland Cavaliers,16,3,18.75%,10,1,0.1
2018-06-08 00:00:00,Cleveland Cavaliers,27,12,44.44%,15,7,0.4666666666666667
2009-11-24 00:00:00,Dallas Mavericks,12,6,50.00%,4,2,0.5
2010-02-03 00:00:00,Dallas Mavericks,6,1,16.67%,2,,
2010-02-08 00:00:00,Dallas Mavericks,20,9,45.00%,5,1,0.2
2010-03-27 00:00:00,Dallas Mavericks,16,6,37.50%,5,3,0.6
2010-12-07 00:00:00,Dallas Mavericks,16,8,50.00%,5,3,0.6
2011-03-16 00:00:00,Dallas Mavericks,10,4,40.00%,4,2,0.5
2011-03-20 00:00:00,Dallas Mavericks,12,4,33.33%,3,1,0.3333333333333333
2011-04-02 00:00:00,Dallas Mavericks,8,3,37.50%,3,1,0.3333333333333333
2012-03-10 00:00:00,Dallas Mavericks,7,4,57.14%,4,2,0.5
2012-11-19 00:00:00,Dallas Mavericks,21,9,42.86%,7,3,0.42857142857142855
2013-02-09 00:00:00,Dallas Mavericks,23,8,34.78%,3,1,0.3333333333333333
2013-11-27 00:00:00,Dallas Mavericks,19,9,47.37%,10,6,0.6
2013-12-11 00:00:00,Dallas Mavericks,25,13,52.00%,11,6,0.5454545454545454
2014-03-11 00:00:00,Dallas Mavericks,12,4,33.33%,5,1,0.2
2014-04-01 00:00:00,Dallas Mavericks,17,10,58.82%,8,3,0.375
2014-12-13 00:00:00,Dallas Mavericks,22,9,40.91%,11,3,0.2727272727272727
2015-02-04 00:00:00,Dallas Mavericks,26,16,61.54%,16,10,0.625
2015-03-06 00:00:00,Dallas Mavericks,11,6,54.55%,8,5,0.625
2015-04-04 00:00:00,Dallas Mavericks,12,4,33.33%,4,1,0.25
2016-01-27 00:00:00,Dallas Mavericks,11,4,36.36%,7,3,0.42857142857142855
2016-03-18 00:00:00,Dallas Mavericks,26,12,46.15%,12,6,0.5
2016-03-25 00:00:00,Dallas Mavericks,18,9,50.00%,12,5,0.4166666666666667
2016-11-09 00:00:00,Dallas Mavericks,12,8,66.67%,8,4,0.5
2016-12-30 00:00:00,Dallas Mavericks,12,5,41.67%,6,3,0.5
2017-03-21 00:00:00,Dallas Mavericks,13,7,53.85%,8,3,0.375
2017-10-23 00:00:00,Dallas Mavericks,15,7,46.67%,10,2,0.2
2018-01-03 00:00:00,Dallas Mavericks,19,11,57.89%,13,6,0.46153846153846156
2018-02-08 00:00:00,Dallas Mavericks,12,7,58.33%,9,4,0.4444444444444444
2009-12-01 00:00:00,Denver Nuggets,14,4,28.57%,6,2,0.3333333333333333
2010-01-05 00:00:00,Denver Nuggets,13,10,76.92%,6,6,1
2010-01-20 00:00:00,Denver Nuggets,17,6,35.29%,8,3,0.375
2010-02-25 00:00:00,Denver Nuggets,19,11,57.89%,5,2,0.4
2010-11-22 00:00:00,Denver Nuggets,21,8,38.10%,6,1,0.16666666666666666
2011-02-09 00:00:00,Denver Nuggets,9,5,55.56%,3,1,0.3333333333333333
2011-04-11 00:00:00,Denver Nuggets,13,10,76.92%,4,3,0.75
2012-02-09 00:00:00,Denver Nuggets,17,13,76.47%,9,6,0.6666666666666666
2012-11-10 00:00:00,Denver Nuggets,17,7,41.18%,6,3,0.5
2012-11-23 00:00:00,Denver Nuggets,5,2,40.00%,2,2,1
2012-11-29 00:00:00,Denver Nuggets,17,7,41.18%,7,4,0.5714285714285714
2013-01-13 00:00:00,Denver Nuggets,18,11,61.11%,9,7,0.7777777777777778
2013-04-20 00:00:00,Denver Nuggets,20,7,35.00%,10,4,0.4
2013-04-23 00:00:00,Denver Nuggets,23,13,56.52%,10,4,0.4
2013-04-26 00:00:00,Denver Nuggets,17,8,47.06%,7,4,0.5714285714285714
2013-04-28 00:00:00,Denver Nuggets,15,10,66.67%,10,6,0.6
2013-04-30 00:00:00,Denver Nuggets,19,7,36.84%,6,1,0.16666666666666666
2013-05-02 00:00:00,Denver Nuggets,14,6,42.86%,8,4,0.5
2013-12-23 00:00:00,Denver Nuggets,14,5,35.71%,3,2,0.6666666666666666
2014-01-15 00:00:00,Denver Nuggets,19,7,36.84%,13,4,0.3076923076923077
2014-04-10 00:00:00,Denver Nuggets,19,8,42.11%,7,2,0.2857142857142857
2015-01-19 00:00:00,Denver Nuggets,13,7,53.85%,5,2,0.4
2015-04-15 00:00:00,Denver Nuggets,10,4,40.00%,4,2,0.5
2015-11-06 00:00:00,Denver Nuggets,21,12,57.14%,15,8,0.5333333333333333
2015-11-22 00:00:00,Denver Nuggets,16,8,50.00%,8,3,0.375
2016-01-02 00:00:00,Denver Nuggets,6,2,33.33%,5,1,0.2
2016-01-13 00:00:00,Denver Nuggets,25,13,52.00%,12,5,0.4166666666666667
2016-11-10 00:00:00,Denver Nuggets,17,10,58.82%,13,7,0.5384615384615384
2017-01-02 00:00:00,Denver Nuggets,18,8,44.44%,9,3,0.3333333333333333
2017-02-13 00:00:00,Denver Nuggets,18,4,22.22%,11,1,0.09090909090909091
2017-11-04 00:00:00,Denver Nuggets,14,7,50.00%,10,5,0.5
2018-01-08 00:00:00,Denver Nuggets,17,9,52.94%,10,5,0.5
2018-02-03 00:00:00,Denver Nuggets,16,8,50.00%,12,5,0.4166666666666667
2009-12-12 00:00:00,Detroit Pistons,10,5,50.00%,4,3,0.75
2010-02-27 00:00:00,Detroit Pistons,24,11,45.83%,5,3,0.6
2010-11-07 00:00:00,Detroit Pistons,12,3,25.00%,3,,
2010-11-15 00:00:00,Detroit Pistons,14,7,50.00%,3,2,0.6666666666666666
2012-12-05 00:00:00,Detroit Pistons,15,7,46.67%,6,4,0.6666666666666666
2013-03-13 00:00:00,Detroit Pistons,17,11,64.71%,7,5,0.7142857142857143
2013-11-12 00:00:00,Detroit Pistons,10,7,70.00%,4,2,0.5
2014-02-24 00:00:00,Detroit Pistons,15,6,40.00%,9,3,0.3333333333333333
2014-11-30 00:00:00,Detroit Pistons,9,5,55.56%,3,1,0.3333333333333333
2015-03-11 00:00:00,Detroit Pistons,15,4,26.67%,7,1,0.14285714285714285
2015-11-09 00:00:00,Detroit Pistons,18,7,38.89%,7,3,0.42857142857142855
2016-01-16 00:00:00,Detroit Pistons,26,13,50.00%,15,7,0.4666666666666667
2016-12-23 00:00:00,Detroit Pistons,15,7,46.67%,9,5,0.5555555555555556
2017-01-12 00:00:00,Detroit Pistons,17,9,52.94%,9,3,0.3333333333333333
2017-10-29 00:00:00,Detroit Pistons,17,11,64.71%,7,3,0.42857142857142855
2009-10-28 00:00:00,Houston Rockets,12,7,58.33%,1,,
2009-12-03 00:00:00,Houston Rockets,8,4,50.00%,3,1,0.3333333333333333
2010-02-02 00:00:00,Houston Rockets,18,6,33.33%,5,2,0.4
2010-10-27 00:00:00,Houston Rockets,16,9,56.25%,6,3,0.5
2010-11-24 00:00:00,Houston Rockets,19,8,42.11%,2,,
2011-03-23 00:00:00,Houston Rockets,16,7,43.75%,3,2,0.6666666666666666
2012-02-12 00:00:00,Houston Rockets,14,5,35.71%,6,3,0.5
2013-02-05 00:00:00,Houston Rockets,11,2,18.18%,4,,
2013-02-12 00:00:00,Houston Rockets,19,10,52.63%,5,2,0.4
2013-03-08 00:00:00,Houston Rockets,21,8,38.10%,8,3,0.375
2013-03-17 00:00:00,Houston Rockets,22,12,54.55%,11,5,0.45454545454545453
2013-12-06 00:00:00,Houston Rockets,14,5,35.71%,5,1,0.2
2013-12-13 00:00:00,Houston Rockets,12,5,41.67%,5,1,0.2
2014-02-20 00:00:00,Houston Rockets,15,8,53.33%,8,5,0.625
2014-11-08 00:00:00,Houston Rockets,19,13,68.42%,9,6,0.6666666666666666
2014-12-10 00:00:00,Houston Rockets,15,8,53.33%,5,3,0.6
2015-01-17 00:00:00,Houston Rockets,18,9,50.00%,8,2,0.25
2015-01-21 00:00:00,Houston Rockets,12,7,58.33%,5,3,0.6
2015-05-19 00:00:00,Houston Rockets,22,13,59.09%,11,6,0.5454545454545454
2015-05-21 00:00:00,Houston Rockets,21,13,61.90%,11,5,0.45454545454545453
2015-05-23 00:00:00,Houston Rockets,19,12,63.16%,9,7,0.7777777777777778
2015-05-25 00:00:00,Houston Rockets,18,7,38.89%,13,6,0.46153846153846156
2015-05-27 00:00:00,Houston Rockets,21,7,33.33%,11,3,0.2727272727272727
2015-10-30 00:00:00,Houston Rockets,15,9,60.00%,9,4,0.4444444444444444
2016-02-09 00:00:00,Houston Rockets,24,12,50.00%,16,7,0.4375
2016-04-16 00:00:00,Houston Rockets,13,8,61.54%,7,5,0.7142857142857143
2016-04-24 00:00:00,Houston Rockets,9,2,22.22%,7,1,0.14285714285714285
2016-12-01 00:00:00,Houston Rockets,22,9,40.91%,13,4,0.3076923076923077
2017-01-20 00:00:00,Houston Rockets,18,8,44.44%,11,5,0.45454545454545453
2017-03-28 00:00:00,Houston Rockets,22,11,50.00%,11,3,0.2727272727272727
2017-03-31 00:00:00,Houston Rockets,18,8,44.44%,9,4,0.4444444444444444
2017-10-17 00:00:00,Houston Rockets,18,8,44.44%,9,3,0.3333333333333333
2018-01-04 00:00:00,Houston Rockets,20,10,50.00%,10,4,0.4
2018-01-20 00:00:00,Houston Rockets,19,6,31.58%,14,5,0.35714285714285715
2018-05-14 00:00:00,Houston Rockets,15,8,53.33%,5,1,0.2
2018-05-16 00:00:00,Houston Rockets,19,7,36.84%,8,1,0.125
2018-05-20 00:00:00,Houston Rockets,23,13,56.52%,12,5,0.4166666666666667
2018-05-22 00:00:00,Houston Rockets,26,10,38.46%,13,6,0.46153846153846156
2018-05-24 00:00:00,Houston Rockets,16,8,50.00%,7,2,0.2857142857142857
2018-05-26 00:00:00,Houston Rockets,23,12,52.17%,14,5,0.35714285714285715
2018-05-28 00:00:00,Houston Rockets,22,10,45.45%,15,7,0.4666666666666667
2009-11-11 00:00:00,Indiana Pacers,7,3,42.86%,2,,
2009-11-30 00:00:00,Indiana Pacers,5,2,40.00%,2,1,0.5
2011-01-19 00:00:00,Indiana Pacers,10,4,40.00%,3,,
2011-03-01 00:00:00,Indiana Pacers,17,7,41.18%,8,4,0.5
2012-01-20 00:00:00,Indiana Pacers,15,5,33.33%,6,2,0.3333333333333333
2012-12-01 00:00:00,Indiana Pacers,14,7,50.00%,5,3,0.6
2013-02-26 00:00:00,Indiana Pacers,20,14,70.00%,10,7,0.7
2014-01-20 00:00:00,Indiana Pacers,20,9,45.00%,11,3,0.2727272727272727
2014-03-04 00:00:00,Indiana Pacers,18,7,38.89%,5,2,0.4
2015-01-07 00:00:00,Indiana Pacers,17,8,47.06%,8,4,0.5
2015-12-08 00:00:00,Indiana Pacers,23,11,47.83%,11,3,0.2727272727272727
2016-01-22 00:00:00,Indiana Pacers,18,10,55.56%,14,7,0.5
2016-11-21 00:00:00,Indiana Pacers,11,6,54.55%,6,2,0.3333333333333333
2016-12-05 00:00:00,Indiana Pacers,9,4,44.44%,6,2,0.3333333333333333
2009-11-06 00:00:00,Los Angeles Clippers,5,1,20.00%,1,,
2010-02-10 00:00:00,Los Angeles Clippers,22,11,50.00%,11,7,0.6363636363636364
2010-03-28 00:00:00,Los Angeles Clippers,15,8,53.33%,2,2,1
2010-04-10 00:00:00,Los Angeles Clippers,19,10,52.63%,10,5,0.5
2010-10-29 00:00:00,Los Angeles Clippers,9,7,77.78%,3,1,0.3333333333333333
2011-01-09 00:00:00,Los Angeles Clippers,13,2,15.38%,6,,
2011-01-14 00:00:00,Los Angeles Clippers,15,7,46.67%,7,5,0.7142857142857143
2011-01-22 00:00:00,Los Angeles Clippers,23,12,52.17%,9,3,0.3333333333333333
2011-12-25 00:00:00,Los Angeles Clippers,12,2,16.67%,4,,
2012-02-20 00:00:00,Los Angeles Clippers,6,3,50.00%,5,3,0.6
2012-03-11 00:00:00,Los Angeles Clippers,3,,,1,,
2012-11-03 00:00:00,Los Angeles Clippers,15,6,40.00%,6,2,0.3333333333333333
2013-01-02 00:00:00,Los Angeles Clippers,16,11,68.75%,8,6,0.75
2013-01-05 00:00:00,Los Angeles Clippers,10,4,40.00%,4,1,0.25
2013-01-21 00:00:00,Los Angeles Clippers,14,9,64.29%,8,6,0.75
2013-10-31 00:00:00,Los Angeles Clippers,23,14,60.87%,14,9,0.6428571428571429
2013-12-25 00:00:00,Los Angeles Clippers,17,5,29.41%,6,2,0.3333333333333333
2014-01-30 00:00:00,Los Angeles Clippers,10,8,80.00%,4,4,1
2014-03-12 00:00:00,Los Angeles Clippers,11,5,45.45%,5,2,0.4
2014-04-19 00:00:00,Los Angeles Clippers,16,6,37.50%,6,2,0.3333333333333333
2014-04-21 00:00:00,Los Angeles Clippers,17,9,52.94%,7,1,0.14285714285714285
2014-04-24 00:00:00,Los Angeles Clippers,12,5,41.67%,8,3,0.375
2014-04-27 00:00:00,Los Angeles Clippers,19,10,52.63%,13,7,0.5384615384615384
2014-04-29 00:00:00,Los Angeles Clippers,10,5,50.00%,7,4,0.5714285714285714
2014-05-01 00:00:00,Los Angeles Clippers,24,9,37.50%,8,2,0.25
2014-05-03 00:00:00,Los Angeles Clippers,17,7,41.18%,7,3,0.42857142857142855
2014-11-05 00:00:00,Los Angeles Clippers,18,9,50.00%,8,4,0.5
2014-12-25 00:00:00,Los Angeles Clippers,12,5,41.67%,5,1,0.2
2015-03-08 00:00:00,Los Angeles Clippers,9,3,33.33%,2,2,1
2015-03-31 00:00:00,Los Angeles Clippers,15,8,53.33%,6,4,0.6666666666666666
2015-11-04 00:00:00,Los Angeles Clippers,17,8,47.06%,11,7,0.6363636363636364
2015-11-19 00:00:00,Los Angeles Clippers,22,11,50.00%,14,6,0.42857142857142855
2016-02-20 00:00:00,Los Angeles Clippers,15,5,33.33%,8,3,0.375
2016-03-23 00:00:00,Los Angeles Clippers,23,12,52.17%,10,4,0.4
2016-12-07 00:00:00,Los Angeles Clippers,15,7,46.67%,7,,
2017-01-28 00:00:00,Los Angeles Clippers,21,14,66.67%,13,8,0.6153846153846154
2017-02-02 00:00:00,Los Angeles Clippers,23,11,47.83%,10,3,0.3
2017-02-23 00:00:00,Los Angeles Clippers,16,10,62.50%,10,6,0.6
2017-10-30 00:00:00,Los Angeles Clippers,14,9,64.29%,11,7,0.6363636363636364
2018-01-06 00:00:00,Los Angeles Clippers,21,11,52.38%,16,8,0.5
2018-02-22 00:00:00,Los Angeles Clippers,19,14,73.68%,11,8,0.7272727272727273
2009-11-28 00:00:00,Los Angeles Lakers,15,5,33.33%,5,1,0.2
2009-12-29 00:00:00,Los Angeles Lakers,10,6,60.00%,1,,
2010-02-16 00:00:00,Los Angeles Lakers,21,5,23.81%,10,1,0.1
2010-03-15 00:00:00,Los Angeles Lakers,19,11,57.89%,9,5,0.5555555555555556
2010-11-21 00:00:00,Los Angeles Lakers,10,5,50.00%,3,1,0.3333333333333333
2011-01-12 00:00:00,Los Angeles Lakers,11,5,45.45%,5,1,0.2
2011-04-06 00:00:00,Los Angeles Lakers,23,8,34.78%,6,2,0.3333333333333333
2012-11-09 00:00:00,Los Angeles Lakers,16,6,37.50%,6,2,0.3333333333333333
2012-12-22 00:00:00,Los Angeles Lakers,22,8,36.36%,9,3,0.3333333333333333
2013-03-25 00:00:00,Los Angeles Lakers,24,9,37.50%,9,3,0.3333333333333333
2013-04-12 00:00:00,Los Angeles Lakers,30,17,56.67%,14,9,0.6428571428571429
2013-10-30 00:00:00,Los Angeles Lakers,10,4,40.00%,5,2,0.4
2013-12-21 00:00:00,Los Angeles Lakers,14,5,35.71%,8,4,0.5
2014-04-11 00:00:00,Los Angeles Lakers,20,12,60.00%,5,4,0.8
2014-11-01 00:00:00,Los Angeles Lakers,19,10,52.63%,8,3,0.375
2014-11-16 00:00:00,Los Angeles Lakers,18,10,55.56%,8,5,0.625
2014-12-23 00:00:00,Los Angeles Lakers,14,10,71.43%,5,2,0.4
2015-03-16 00:00:00,Los Angeles Lakers,14,5,35.71%,6,2,0.3333333333333333
2015-11-24 00:00:00,Los Angeles Lakers,20,10,50.00%,11,4,0.36363636363636365
2016-01-05 00:00:00,Los Angeles Lakers,13,6,46.15%,8,4,0.5
2016-01-14 00:00:00,Los Angeles Lakers,17,9,52.94%,15,8,0.5333333333333333
2016-03-06 00:00:00,Los Angeles Lakers,20,6,30.00%,10,1,0.1
2016-11-04 00:00:00,Los Angeles Lakers,17,5,29.41%,10,,
2016-11-23 00:00:00,Los Angeles Lakers,17,11,64.71%,11,7,0.6363636363636364
2016-11-25 00:00:00,Los Angeles Lakers,17,8,47.06%,10,4,0.4
2017-04-12 00:00:00,Los Angeles Lakers,16,6,37.50%,13,5,0.38461538461538464
2017-11-29 00:00:00,Los Angeles Lakers,20,9,45.00%,9,3,0.3333333333333333
2009-11-04 00:00:00,Memphis Grizzlies,6,3,50.00%,2,1,0.5
2009-12-22 00:00:00,Memphis Grizzlies,15,6,40.00%,6,2,0.3333333333333333
2010-03-20 00:00:00,Memphis Grizzlies,10,4,40.00%,3,1,0.3333333333333333
2010-03-24 00:00:00,Memphis Grizzlies,19,12,63.16%,6,4,0.6666666666666666
2010-11-26 00:00:00,Memphis Grizzlies,13,8,61.54%,5,4,0.8
2011-03-30 00:00:00,Memphis Grizzlies,14,2,14.29%,6,1,0.16666666666666666
2012-01-23 00:00:00,Memphis Grizzlies,18,8,44.44%,7,2,0.2857142857142857
2012-02-18 00:00:00,Memphis Grizzlies,21,13,61.90%,9,6,0.6666666666666666
2012-03-07 00:00:00,Memphis Grizzlies,11,7,63.64%,2,1,0.5
2012-11-02 00:00:00,Memphis Grizzlies,20,10,50.00%,10,6,0.6
2013-01-09 00:00:00,Memphis Grizzlies,22,10,45.45%,8,4,0.5
2013-02-08 00:00:00,Memphis Grizzlies,22,11,50.00%,9,4,0.4444444444444444
2013-11-09 00:00:00,Memphis Grizzlies,17,7,41.18%,9,4,0.4444444444444444
2013-12-07 00:00:00,Memphis Grizzlies,16,7,43.75%,7,2,0.2857142857142857
2014-03-28 00:00:00,Memphis Grizzlies,22,13,59.09%,8,5,0.625
2014-12-16 00:00:00,Memphis Grizzlies,25,9,36.00%,10,1,0.1
2015-03-27 00:00:00,Memphis Grizzlies,22,12,54.55%,12,8,0.6666666666666666
2015-04-13 00:00:00,Memphis Grizzlies,9,6,66.67%,5,3,0.6
2015-05-03 00:00:00,Memphis Grizzlies,18,8,44.44%,8,4,0.5
2015-05-05 00:00:00,Memphis Grizzlies,18,7,38.89%,10,2,0.2
2015-05-09 00:00:00,Memphis Grizzlies,21,8,38.10%,10,2,0.2
2015-05-11 00:00:00,Memphis Grizzlies,22,11,50.00%,9,4,0.4444444444444444
2015-05-13 00:00:00,Memphis Grizzlies,16,6,37.50%,13,6,0.46153846153846156
2015-05-15 00:00:00,Memphis Grizzlies,24,10,41.67%,12,7,0.5833333333333334
2015-11-02 00:00:00,Memphis Grizzlies,16,10,62.50%,8,4,0.5
2015-11-11 00:00:00,Memphis Grizzlies,21,9,42.86%,10,3,0.3
2016-04-09 00:00:00,Memphis Grizzlies,21,7,33.33%,13,3,0.23076923076923078
2016-04-13 00:00:00,Memphis Grizzlies,24,15,62.50%,19,10,0.5263157894736842
2016-12-10 00:00:00,Memphis Grizzlies,13,4,30.77%,10,3,0.3
2017-01-06 00:00:00,Memphis Grizzlies,27,15,55.56%,13,5,0.38461538461538464
2017-02-10 00:00:00,Memphis Grizzlies,13,6,46.15%,6,2,0.3333333333333333
2017-03-26 00:00:00,Memphis Grizzlies,18,8,44.44%,12,5,0.4166666666666667
2017-10-21 00:00:00,Memphis Grizzlies,17,9,52.94%,11,6,0.5454545454545454
2017-12-30 00:00:00,Memphis Grizzlies,17,13,76.47%,13,10,0.7692307692307693
2010-01-13 00:00:00,Miami Heat,10,3,30.00%,5,3,0.6
2010-03-02 00:00:00,Miami Heat,17,7,41.18%,8,3,0.375
2011-01-01 00:00:00,Miami Heat,12,7,58.33%,2,1,0.5
2012-12-12 00:00:00,Miami Heat,10,4,40.00%,3,1,0.3333333333333333
2014-01-02 00:00:00,Miami Heat,22,13,59.09%,15,8,0.5333333333333333
2014-02-12 00:00:00,Miami Heat,14,8,57.14%,4,4,1
2014-11-25 00:00:00,Miami Heat,19,12,63.16%,11,8,0.7272727272727273
2015-01-14 00:00:00,Miami Heat,19,11,57.89%,10,7,0.7
2016-01-11 00:00:00,Miami Heat,26,11,42.31%,10,4,0.4
2016-02-24 00:00:00,Miami Heat,28,13,46.43%,11,5,0.45454545454545453
2017-01-10 00:00:00,Miami Heat,21,8,38.10%,11,4,0.36363636363636365
2017-01-23 00:00:00,Miami Heat,19,7,36.84%,9,3,0.3333333333333333
2017-11-06 00:00:00,Miami Heat,19,5,26.32%,9,2,0.2222222222222222
2017-12-03 00:00:00,Miami Heat,16,11,68.75%,9,5,0.5555555555555556
2009-11-14 00:00:00,Milwaukee Bucks,9,6,66.67%,2,2,1
2010-01-15 00:00:00,Milwaukee Bucks,17,7,41.18%,4,1,0.25
2010-11-13 00:00:00,Milwaukee Bucks,14,3,21.43%,3,,
2011-02-03 00:00:00,Milwaukee Bucks,11,6,54.55%,4,2,0.5
2013-01-26 00:00:00,Milwaukee Bucks,19,8,42.11%,9,5,0.5555555555555556
2013-03-09 00:00:00,Milwaukee Bucks,18,7,38.89%,6,2,0.3333333333333333
2014-01-07 00:00:00,Milwaukee Bucks,18,5,27.78%,11,2,0.18181818181818182
2014-03-20 00:00:00,Milwaukee Bucks,13,9,69.23%,4,3,0.75
2015-03-04 00:00:00,Milwaukee Bucks,16,6,37.50%,13,6,0.46153846153846156
2015-03-28 00:00:00,Milwaukee Bucks,13,8,61.54%,9,6,0.6666666666666666
2015-12-12 00:00:00,Milwaukee Bucks,21,10,47.62%,8,2,0.25
2015-12-18 00:00:00,Milwaukee Bucks,14,7,50.00%,6,2,0.3333333333333333
2016-11-19 00:00:00,Milwaukee Bucks,21,7,33.33%,11,1,0.09090909090909091
2017-03-18 00:00:00,Milwaukee Bucks,13,9,69.23%,8,6,0.75
2009-11-09 00:00:00,Minnesota Timberwolves,8,2,25.00%,2,1,0.5
2010-01-06 00:00:00,Minnesota Timberwolves,11,7,63.64%,2,,
2010-04-07 00:00:00,Minnesota Timberwolves,22,12,54.55%,5,3,0.6
2010-11-27 00:00:00,Minnesota Timberwolves,10,6,60.00%,3,2,0.6666666666666666
2011-02-27 00:00:00,Minnesota Timberwolves,20,13,65.00%,6,5,0.8333333333333334
2011-03-13 00:00:00,Minnesota Timberwolves,15,8,53.33%,6,4,0.6666666666666666
2012-11-16 00:00:00,Minnesota Timberwolves,12,7,58.33%,3,,
2012-11-24 00:00:00,Minnesota Timberwolves,19,7,36.84%,10,5,0.5
2013-02-24 00:00:00,Minnesota Timberwolves,15,6,40.00%,5,1,0.2
2013-04-09 00:00:00,Minnesota Timberwolves,21,9,42.86%,9,2,0.2222222222222222
2013-11-06 00:00:00,Minnesota Timberwolves,8,2,25.00%,3,,
2014-01-24 00:00:00,Minnesota Timberwolves,21,12,57.14%,10,6,0.6
2014-04-14 00:00:00,Minnesota Timberwolves,21,10,47.62%,13,7,0.5384615384615384
2014-12-08 00:00:00,Minnesota Timberwolves,20,10,50.00%,7,1,0.14285714285714285
2014-12-27 00:00:00,Minnesota Timberwolves,17,9,52.94%,8,4,0.5
2015-02-11 00:00:00,Minnesota Timberwolves,23,9,39.13%,10,2,0.2
2015-04-11 00:00:00,Minnesota Timberwolves,21,11,52.38%,11,5,0.45454545454545453
2015-11-12 00:00:00,Minnesota Timberwolves,25,15,60.00%,13,8,0.6153846153846154
2016-03-21 00:00:00,Minnesota Timberwolves,17,6,35.29%,9,2,0.2222222222222222
2016-04-05 00:00:00,Minnesota Timberwolves,25,7,28.00%,14,4,0.2857142857142857
2016-11-26 00:00:00,Minnesota Timberwolves,19,13,68.42%,8,4,0.5
2016-12-11 00:00:00,Minnesota Timberwolves,13,6,46.15%,5,2,0.4
2017-03-10 00:00:00,Minnesota Timberwolves,27,10,37.04%,8,1,0.125
2017-04-04 00:00:00,Minnesota Timberwolves,18,7,38.89%,8,3,0.375
2017-11-08 00:00:00,Minnesota Timberwolves,16,7,43.75%,7,2,0.2857142857142857
2018-01-25 00:00:00,Minnesota Timberwolves,14,9,64.29%,9,5,0.5555555555555556
2009-12-09 00:00:00,New Jersey Nets,13,6,46.15%,4,1,0.25
2010-01-22 00:00:00,New Jersey Nets,20,11,55.00%,6,3,0.5
2011-01-17 00:00:00,New Jersey Nets,10,4,40.00%,5,2,0.4
2011-03-09 00:00:00,New Jersey Nets,15,6,40.00%,4,2,0.5
2009-12-23 00:00:00,New Orleans Hornets,13,6,46.15%,5,3,0.6
2010-01-27 00:00:00,New Orleans Hornets,12,7,58.33%,2,1,0.5
2010-03-08 00:00:00,New Orleans Hornets,12,5,41.67%,3,2,0.6666666666666666
2011-01-05 00:00:00,New Orleans Hornets,11,6,54.55%,3,1,0.3333333333333333
2011-01-26 00:00:00,New Orleans Hornets,13,8,61.54%,3,1,0.3333333333333333
2011-02-15 00:00:00,New Orleans Hornets,5,5,100.00%,3,3,1
2012-12-18 00:00:00,New Orleans Hornets,13,5,38.46%,3,1,0.3333333333333333
2013-01-19 00:00:00,New Orleans Hornets,17,5,29.41%,8,2,0.25
2013-03-18 00:00:00,New Orleans Hornets,19,10,52.63%,9,6,0.6666666666666666
2013-04-03 00:00:00,New Orleans Hornets,14,6,42.86%,10,4,0.4
2013-11-26 00:00:00,New Orleans Pelicans,20,7,35.00%,5,2,0.4
2013-12-17 00:00:00,New Orleans Pelicans,19,11,57.89%,7,2,0.2857142857142857
2014-01-18 00:00:00,New Orleans Pelicans,22,10,45.45%,9,2,0.2222222222222222
2014-12-04 00:00:00,New Orleans Pelicans,17,8,47.06%,6,3,0.5
2014-12-14 00:00:00,New Orleans Pelicans,21,11,52.38%,10,6,0.6
2015-03-20 00:00:00,New Orleans Pelicans,16,4,25.00%,9,2,0.2222222222222222
2015-04-07 00:00:00,New Orleans Pelicans,18,9,50.00%,8,5,0.625
2015-04-18 00:00:00,New Orleans Pelicans,25,13,52.00%,13,4,0.3076923076923077
2015-04-20 00:00:00,New Orleans Pelicans,21,9,42.86%,9,3,0.3333333333333333
2015-04-23 00:00:00,New Orleans Pelicans,29,10,34.48%,18,7,0.3888888888888889
2015-04-25 00:00:00,New Orleans Pelicans,20,11,55.00%,8,6,0.75
2015-10-27 00:00:00,New Orleans Pelicans,26,14,53.85%,12,5,0.4166666666666667
2015-10-31 00:00:00,New Orleans Pelicans,27,17,62.96%,14,8,0.5714285714285714
2016-03-14 00:00:00,New Orleans Pelicans,16,10,62.50%,9,4,0.4444444444444444
2016-10-28 00:00:00,New Orleans Pelicans,19,8,42.11%,10,4,0.4
2016-11-07 00:00:00,New Orleans Pelicans,25,16,64.00%,16,13,0.8125
2016-12-13 00:00:00,New Orleans Pelicans,22,11,50.00%,8,5,0.625
2017-10-20 00:00:00,New Orleans Pelicans,16,7,43.75%,11,4,0.36363636363636365
2017-11-25 00:00:00,New Orleans Pelicans,25,9,36.00%,13,3,0.23076923076923078
2017-12-04 00:00:00,New Orleans Pelicans,19,9,47.37%,11,5,0.45454545454545453
2018-05-01 00:00:00,New Orleans Pelicans,15,8,53.33%,10,5,0.5
2018-05-04 00:00:00,New Orleans Pelicans,19,6,31.58%,9,3,0.3333333333333333
2018-05-06 00:00:00,New Orleans Pelicans,17,8,47.06%,9,4,0.4444444444444444
2018-05-08 00:00:00,New Orleans Pelicans,16,10,62.50%,6,3,0.5
2010-04-02 00:00:00,New York Knicks,21,7,33.33%,5,1,0.2
2010-11-10 00:00:00,New York Knicks,20,11,55.00%,1,1,1
2010-11-19 00:00:00,New York Knicks,21,9,42.86%,6,3,0.5
2013-02-27 00:00:00,New York Knicks,28,18,64.29%,13,11,0.8461538461538461
2013-03-11 00:00:00,New York Knicks,18,9,50.00%,10,6,0.6
2014-02-28 00:00:00,New York Knicks,19,9,47.37%,11,5,0.45454545454545453
2014-03-30 00:00:00,New York Knicks,21,10,47.62%,12,6,0.5
2015-02-07 00:00:00,New York Knicks,17,8,47.06%,8,5,0.625
2015-03-14 00:00:00,New York Knicks,15,8,53.33%,10,6,0.6
2016-01-31 00:00:00,New York Knicks,17,5,29.41%,11,3,0.2727272727272727
2016-03-16 00:00:00,New York Knicks,20,12,60.00%,13,8,0.6153846153846154
2016-12-15 00:00:00,New York Knicks,14,3,21.43%,8,2,0.25
2017-03-05 00:00:00,New York Knicks,23,11,47.83%,12,5,0.4166666666666667
2018-01-23 00:00:00,New York Knicks,19,9,47.37%,15,8,0.5333333333333333
2018-02-26 00:00:00,New York Knicks,16,8,50.00%,9,4,0.4444444444444444
2009-12-07 00:00:00,Oklahoma City Thunder,14,9,64.29%,4,2,0.5
2010-01-31 00:00:00,Oklahoma City Thunder,10,4,40.00%,2,2,1
2010-02-06 00:00:00,Oklahoma City Thunder,14,9,64.29%,6,3,0.5
2010-04-11 00:00:00,Oklahoma City Thunder,16,9,56.25%,6,3,0.5
2010-12-05 00:00:00,Oklahoma City Thunder,20,14,70.00%,7,4,0.5714285714285714
2011-02-13 00:00:00,Oklahoma City Thunder,18,10,55.56%,5,2,0.4
2011-03-29 00:00:00,Oklahoma City Thunder,23,13,56.52%,8,5,0.625
2012-01-27 00:00:00,Oklahoma City Thunder,16,6,37.50%,7,2,0.2857142857142857
2012-02-07 00:00:00,Oklahoma City Thunder,9,7,77.78%,2,1,0.5
2012-02-17 00:00:00,Oklahoma City Thunder,13,4,30.77%,5,3,0.6
2012-11-18 00:00:00,Oklahoma City Thunder,17,9,52.94%,8,4,0.5
2013-01-23 00:00:00,Oklahoma City Thunder,27,11,40.74%,14,3,0.21428571428571427
2013-02-06 00:00:00,Oklahoma City Thunder,20,5,25.00%,7,2,0.2857142857142857
2013-04-11 00:00:00,Oklahoma City Thunder,18,9,50.00%,6,3,0.5
2013-11-14 00:00:00,Oklahoma City Thunder,22,8,36.36%,8,4,0.5
2013-11-29 00:00:00,Oklahoma City Thunder,26,13,50.00%,10,4,0.4
2014-01-17 00:00:00,Oklahoma City Thunder,18,11,61.11%,10,6,0.6
2014-11-23 00:00:00,Oklahoma City Thunder,15,5,33.33%,6,2,0.3333333333333333
2014-12-18 00:00:00,Oklahoma City Thunder,24,14,58.33%,12,5,0.4166666666666667
2015-01-05 00:00:00,Oklahoma City Thunder,14,7,50.00%,4,1,0.25
2015-01-16 00:00:00,Oklahoma City Thunder,13,6,46.15%,6,2,0.3333333333333333
2016-02-06 00:00:00,Oklahoma City Thunder,25,10,40.00%,8,1,0.125
2016-02-27 00:00:00,Oklahoma City Thunder,24,14,58.33%,16,12,0.75
2016-03-03 00:00:00,Oklahoma City Thunder,25,12,48.00%,15,5,0.3333333333333333
2016-05-16 00:00:00,Oklahoma City Thunder,22,9,40.91%,14,6,0.42857142857142855
2016-05-18 00:00:00,Oklahoma City Thunder,15,9,60.00%,8,5,0.625
2016-05-22 00:00:00,Oklahoma City Thunder,16,7,43.75%,10,3,0.3
2016-05-24 00:00:00,Oklahoma City Thunder,19,6,31.58%,9,2,0.2222222222222222
2016-05-26 00:00:00,Oklahoma City Thunder,20,9,45.00%,8,3,0.375
2016-05-28 00:00:00,Oklahoma City Thunder,21,8,38.10%,13,6,0.46153846153846156
2016-05-30 00:00:00,Oklahoma City Thunder,24,13,54.17%,12,7,0.5833333333333334
2016-11-03 00:00:00,Oklahoma City Thunder,14,6,42.86%,6,2,0.3333333333333333
2017-01-18 00:00:00,Oklahoma City Thunder,18,9,50.00%,5,2,0.4
2017-02-11 00:00:00,Oklahoma City Thunder,17,9,52.94%,9,4,0.4444444444444444
2017-03-20 00:00:00,Oklahoma City Thunder,17,8,47.06%,12,7,0.5833333333333334
2017-11-22 00:00:00,Oklahoma City Thunder,18,9,50.00%,8,3,0.375
2018-02-06 00:00:00,Oklahoma City Thunder,13,6,46.15%,8,2,0.25
2018-02-24 00:00:00,Oklahoma City Thunder,18,8,44.44%,11,5,0.45454545454545453
2009-12-05 00:00:00,Orlando Magic,12,6,50.00%,2,,
2010-03-03 00:00:00,Orlando Magic,12,3,25.00%,2,1,0.5
2011-01-03 00:00:00,Orlando Magic,13,5,38.46%,6,3,0.5
2011-03-11 00:00:00,Orlando Magic,19,8,42.11%,10,4,0.4
2012-12-03 00:00:00,Orlando Magic,21,9,42.86%,6,3,0.5
2012-12-14 00:00:00,Orlando Magic,19,8,42.11%,5,2,0.4
2013-12-31 00:00:00,Orlando Magic,9,4,44.44%,4,1,0.25
2014-03-18 00:00:00,Orlando Magic,13,9,69.23%,6,3,0.5
2014-11-26 00:00:00,Orlando Magic,13,9,69.23%,8,6,0.75
2014-12-02 00:00:00,Orlando Magic,17,8,47.06%,9,3,0.3333333333333333
2016-02-25 00:00:00,Orlando Magic,26,19,73.08%,14,9,0.6428571428571429
2016-03-07 00:00:00,Orlando Magic,23,14,60.87%,12,7,0.5833333333333334
2017-01-22 00:00:00,Orlando Magic,15,8,53.33%,13,7,0.5384615384615384
2017-03-16 00:00:00,Orlando Magic,14,8,57.14%,6,2,0.3333333333333333
2017-12-01 00:00:00,Orlando Magic,20,9,45.00%,8,3,0.375
2009-12-14 00:00:00,Philadelphia 76ers,13,5,38.46%,4,1,0.25
2010-02-23 00:00:00,Philadelphia 76ers,22,8,36.36%,8,1,0.125
2010-12-27 00:00:00,Philadelphia 76ers,13,5,38.46%,6,4,0.6666666666666666
2011-03-06 00:00:00,Philadelphia 76ers,16,8,50.00%,3,1,0.3333333333333333
2011-12-31 00:00:00,Philadelphia 76ers,15,9,60.00%,8,3,0.375
2012-12-28 00:00:00,Philadelphia 76ers,11,5,45.45%,4,1,0.25
2013-03-02 00:00:00,Philadelphia 76ers,20,11,55.00%,9,3,0.3333333333333333
2013-11-04 00:00:00,Philadelphia 76ers,16,7,43.75%,9,2,0.2222222222222222
2014-02-10 00:00:00,Philadelphia 76ers,11,7,63.64%,9,6,0.6666666666666666
2014-12-30 00:00:00,Philadelphia 76ers,7,4,57.14%,6,3,0.5
2015-02-09 00:00:00,Philadelphia 76ers,20,7,35.00%,12,3,0.25
2016-01-30 00:00:00,Philadelphia 76ers,19,9,47.37%,11,5,0.45454545454545453
2016-03-27 00:00:00,Philadelphia 76ers,15,7,46.67%,8,2,0.25
2017-02-27 00:00:00,Philadelphia 76ers,23,7,30.43%,11,,
2017-03-14 00:00:00,Philadelphia 76ers,23,8,34.78%,13,5,0.38461538461538464
2017-11-11 00:00:00,Philadelphia 76ers,12,5,41.67%,8,3,0.375
2017-11-18 00:00:00,Philadelphia 76ers,22,11,50.00%,9,4,0.4444444444444444
2009-10-30 00:00:00,Phoenix Suns,9,5,55.56%,3,2,0.6666666666666666
2009-12-26 00:00:00,Phoenix Suns,10,4,40.00%,4,3,0.75
2010-01-23 00:00:00,Phoenix Suns,25,10,40.00%,9,4,0.4444444444444444
2010-03-22 00:00:00,Phoenix Suns,15,6,40.00%,5,2,0.4
2010-12-02 00:00:00,Phoenix Suns,10,4,40.00%,3,1,0.3333333333333333
2011-02-07 00:00:00,Phoenix Suns,17,7,41.18%,6,,
2011-02-10 00:00:00,Phoenix Suns,9,5,55.56%,3,2,0.6666666666666666
2011-03-18 00:00:00,Phoenix Suns,13,6,46.15%,5,2,0.4
2012-01-02 00:00:00,Phoenix Suns,8,4,50.00%,3,2,0.6666666666666666
2012-02-13 00:00:00,Phoenix Suns,10,3,30.00%,4,1,0.25
2012-02-22 00:00:00,Phoenix Suns,7,3,42.86%,3,1,0.3333333333333333
2012-10-31 00:00:00,Phoenix Suns,14,2,14.29%,6,,
2013-02-02 00:00:00,Phoenix Suns,20,11,55.00%,10,6,0.6
2013-02-20 00:00:00,Phoenix Suns,15,8,53.33%,5,2,0.4
2013-04-05 00:00:00,Phoenix Suns,14,6,42.86%,7,3,0.42857142857142855
2013-12-15 00:00:00,Phoenix Suns,17,8,47.06%,7,4,0.5714285714285714
2013-12-27 00:00:00,Phoenix Suns,17,5,29.41%,6,1,0.16666666666666666
2014-02-08 00:00:00,Phoenix Suns,20,10,50.00%,10,3,0.3
2014-03-09 00:00:00,Phoenix Suns,16,7,43.75%,5,1,0.2
2014-11-09 00:00:00,Phoenix Suns,20,10,50.00%,10,4,0.4
2015-01-31 00:00:00,Phoenix Suns,22,9,40.91%,8,4,0.5
2015-03-09 00:00:00,Phoenix Suns,24,14,58.33%,13,7,0.5384615384615384
2015-04-02 00:00:00,Phoenix Suns,22,10,45.45%,11,6,0.5454545454545454
2015-11-27 00:00:00,Phoenix Suns,19,11,57.89%,15,9,0.6
2015-12-16 00:00:00,Phoenix Suns,14,10,71.43%,5,2,0.4
2016-02-10 00:00:00,Phoenix Suns,17,9,52.94%,10,5,0.5
2016-03-12 00:00:00,Phoenix Suns,24,12,50.00%,16,7,0.4375
2016-10-30 00:00:00,Phoenix Suns,17,9,52.94%,8,5,0.625
2016-11-13 00:00:00,Phoenix Suns,17,9,52.94%,9,5,0.5555555555555556
2016-12-03 00:00:00,Phoenix Suns,15,10,66.67%,7,5,0.7142857142857143
2017-04-05 00:00:00,Phoenix Suns,26,15,57.69%,13,8,0.6153846153846154
2018-02-12 00:00:00,Phoenix Suns,15,8,53.33%,7,3,0.42857142857142855
2009-11-20 00:00:00,Portland Trail Blazers,9,3,33.33%,3,2,0.6666666666666666
2010-01-02 00:00:00,Portland Trail Blazers,10,4,40.00%,2,1,0.5
2010-03-11 00:00:00,Portland Trail Blazers,15,6,40.00%,7,2,0.2857142857142857
2010-04-14 00:00:00,Portland Trail Blazers,25,13,52.00%,6,4,0.6666666666666666
2010-12-25 00:00:00,Portland Trail Blazers,15,2,13.33%,5,,
2011-04-05 00:00:00,Portland Trail Blazers,21,10,47.62%,5,3,0.6
2011-04-13 00:00:00,Portland Trail Blazers,10,7,70.00%,3,2,0.6666666666666666
2012-01-25 00:00:00,Portland Trail Blazers,19,12,63.16%,8,6,0.75
2012-02-15 00:00:00,Portland Trail Blazers,10,3,30.00%,2,,
2013-01-11 00:00:00,Portland Trail Blazers,22,7,31.82%,8,3,0.375
2013-03-30 00:00:00,Portland Trail Blazers,22,14,63.64%,12,7,0.5833333333333334
2013-04-17 00:00:00,Portland Trail Blazers,16,5,31.25%,11,4,0.36363636363636365
2013-11-23 00:00:00,Portland Trail Blazers,21,8,38.10%,9,2,0.2222222222222222
2014-01-26 00:00:00,Portland Trail Blazers,23,13,56.52%,8,5,0.625
2014-03-16 00:00:00,Portland Trail Blazers,23,11,47.83%,11,6,0.5454545454545454
2014-04-13 00:00:00,Portland Trail Blazers,29,16,55.17%,14,7,0.5
2014-11-02 00:00:00,Portland Trail Blazers,18,6,33.33%,5,1,0.2
2015-03-24 00:00:00,Portland Trail Blazers,22,13,59.09%,9,5,0.5555555555555556
2015-04-09 00:00:00,Portland Trail Blazers,23,17,73.91%,13,8,0.6153846153846154
2016-01-08 00:00:00,Portland Trail Blazers,18,8,44.44%,11,4,0.36363636363636365
2016-02-19 00:00:00,Portland Trail Blazers,23,12,52.17%,13,7,0.5384615384615384
2016-03-11 00:00:00,Portland Trail Blazers,23,13,56.52%,14,7,0.5
2016-04-03 00:00:00,Portland Trail Blazers,21,13,61.90%,13,9,0.6923076923076923
2016-05-09 00:00:00,Portland Trail Blazers,31,16,51.61%,15,5,0.3333333333333333
2016-05-11 00:00:00,Portland Trail Blazers,20,10,50.00%,11,5,0.45454545454545453
2016-11-01 00:00:00,Portland Trail Blazers,20,10,50.00%,9,5,0.5555555555555556
2016-12-17 00:00:00,Portland Trail Blazers,11,6,54.55%,8,5,0.625
2017-01-04 00:00:00,Portland Trail Blazers,24,12,50.00%,12,5,0.4166666666666667
2017-04-16 00:00:00,Portland Trail Blazers,19,9,47.37%,8,3,0.375
2017-04-19 00:00:00,Portland Trail Blazers,18,6,33.33%,12,4,0.3333333333333333
2017-04-22 00:00:00,Portland Trail Blazers,25,10,40.00%,14,5,0.35714285714285715
2017-04-24 00:00:00,Portland Trail Blazers,20,12,60.00%,11,7,0.6363636363636364
2018-02-14 00:00:00,Portland Trail Blazers,17,6,35.29%,10,3,0.3
2009-11-08 00:00:00,Sacramento Kings,8,4,50.00%,2,1,0.5
2010-01-08 00:00:00,Sacramento Kings,10,5,50.00%,2,1,0.5
2010-01-26 00:00:00,Sacramento Kings,22,10,45.45%,10,3,0.3
2010-02-17 00:00:00,Sacramento Kings,15,10,66.67%,4,1,0.25
2011-01-21 00:00:00,Sacramento Kings,20,12,60.00%,6,3,0.5
2011-03-14 00:00:00,Sacramento Kings,14,7,50.00%,8,5,0.625
2011-04-10 00:00:00,Sacramento Kings,17,11,64.71%,6,3,0.5
2012-01-31 00:00:00,Sacramento Kings,7,1,14.29%,3,,
2012-02-04 00:00:00,Sacramento Kings,14,4,28.57%,8,3,0.375
2012-11-05 00:00:00,Sacramento Kings,15,3,20.00%,6,2,0.3333333333333333
2012-12-19 00:00:00,Sacramento Kings,23,11,47.83%,11,7,0.6363636363636364
2013-03-06 00:00:00,Sacramento Kings,11,3,27.27%,5,2,0.4
2013-03-27 00:00:00,Sacramento Kings,18,5,27.78%,9,2,0.2222222222222222
2013-11-02 00:00:00,Sacramento Kings,13,8,61.54%,8,5,0.625
2013-12-01 00:00:00,Sacramento Kings,24,14,58.33%,8,5,0.625
2014-02-19 00:00:00,Sacramento Kings,14,5,35.71%,4,1,0.25
2014-04-04 00:00:00,Sacramento Kings,12,5,41.67%,5,2,0.4
2014-10-29 00:00:00,Sacramento Kings,17,7,41.18%,9,2,0.2222222222222222
2014-12-22 00:00:00,Sacramento Kings,12,5,41.67%,5,1,0.2
2015-01-23 00:00:00,Sacramento Kings,11,3,27.27%,7,2,0.2857142857142857
2015-02-03 00:00:00,Sacramento Kings,15,6,40.00%,6,2,0.3333333333333333
2015-11-07 00:00:00,Sacramento Kings,18,8,44.44%,10,2,0.2
2015-11-28 00:00:00,Sacramento Kings,7,4,57.14%,6,3,0.5
2015-12-28 00:00:00,Sacramento Kings,16,7,43.75%,13,6,0.46153846153846156
2016-01-09 00:00:00,Sacramento Kings,21,12,57.14%,14,8,0.5714285714285714
2017-01-08 00:00:00,Sacramento Kings,22,11,50.00%,11,5,0.45454545454545453
2017-02-04 00:00:00,Sacramento Kings,20,11,55.00%,14,8,0.5714285714285714
2017-02-15 00:00:00,Sacramento Kings,14,4,28.57%,8,2,0.25
2017-03-24 00:00:00,Sacramento Kings,18,9,50.00%,11,5,0.45454545454545453
2018-02-02 00:00:00,Sacramento Kings,17,7,41.18%,10,3,0.3
2009-11-25 00:00:00,San Antonio Spurs,16,5,31.25%,4,1,0.25
2009-12-16 00:00:00,San Antonio Spurs,11,4,36.36%,2,,
2010-11-30 00:00:00,San Antonio Spurs,22,13,59.09%,6,3,0.5
2010-12-08 00:00:00,San Antonio Spurs,2,,,,,
2011-01-24 00:00:00,San Antonio Spurs,15,6,40.00%,5,2,0.4
2011-03-21 00:00:00,San Antonio Spurs,8,3,37.50%,2,1,0.5
2012-01-04 00:00:00,San Antonio Spurs,11,7,63.64%,4,3,0.75
2013-02-22 00:00:00,San Antonio Spurs,17,6,35.29%,9,3,0.3333333333333333
2013-03-20 00:00:00,San Antonio Spurs,20,8,40.00%,8,4,0.5
2013-04-15 00:00:00,San Antonio Spurs,23,13,56.52%,13,7,0.5384615384615384
2013-05-06 00:00:00,San Antonio Spurs,35,18,51.43%,14,6,0.42857142857142855
2013-05-08 00:00:00,San Antonio Spurs,20,7,35.00%,6,2,0.3333333333333333
2013-05-10 00:00:00,San Antonio Spurs,17,5,29.41%,9,3,0.3333333333333333
2013-05-12 00:00:00,San Antonio Spurs,15,7,46.67%,10,5,0.5
2013-05-14 00:00:00,San Antonio Spurs,14,4,28.57%,7,1,0.14285714285714285
2013-05-16 00:00:00,San Antonio Spurs,25,10,40.00%,8,2,0.25
2013-12-19 00:00:00,San Antonio Spurs,28,12,42.86%,16,6,0.375
2014-03-22 00:00:00,San Antonio Spurs,13,5,38.46%,4,1,0.25
2014-04-02 00:00:00,San Antonio Spurs,15,5,33.33%,4,1,0.25
2014-11-11 00:00:00,San Antonio Spurs,18,7,38.89%,7,,
2015-02-20 00:00:00,San Antonio Spurs,17,8,47.06%,8,4,0.5
2015-04-05 00:00:00,San Antonio Spurs,16,9,56.25%,9,5,0.5555555555555556
2016-01-25 00:00:00,San Antonio Spurs,20,12,60.00%,9,6,0.6666666666666666
2016-03-19 00:00:00,San Antonio Spurs,18,4,22.22%,12,1,0.08333333333333333
2016-04-07 00:00:00,San Antonio Spurs,18,11,61.11%,6,3,0.5
2016-04-10 00:00:00,San Antonio Spurs,22,13,59.09%,9,4,0.4444444444444444
2016-10-25 00:00:00,San Antonio Spurs,18,9,50.00%,10,3,0.3
2017-03-29 00:00:00,San Antonio Spurs,20,9,45.00%,8,4,0.5
2017-05-14 00:00:00,San Antonio Spurs,25,14,56.00%,15,7,0.4666666666666667
2017-05-16 00:00:00,San Antonio Spurs,12,8,66.67%,8,6,0.75
2017-05-20 00:00:00,San Antonio Spurs,15,8,53.33%,7,3,0.42857142857142855
2017-05-22 00:00:00,San Antonio Spurs,24,14,58.33%,13,5,0.38461538461538464
2017-11-02 00:00:00,San Antonio Spurs,13,7,53.85%,4,3,0.75
2018-02-10 00:00:00,San Antonio Spurs,12,7,58.33%,6,3,0.5
2018-03-08 00:00:00,San Antonio Spurs,1,,,,,
2010-03-13 00:00:00,Toronto Raptors,21,13,61.90%,8,5,0.625
2010-04-04 00:00:00,Toronto Raptors,22,10,45.45%,10,5,0.5
2010-11-08 00:00:00,Toronto Raptors,21,12,57.14%,4,2,0.5
2011-03-25 00:00:00,Toronto Raptors,13,7,53.85%,6,4,0.6666666666666666
2013-01-28 00:00:00,Toronto Raptors,12,7,58.33%,3,1,0.3333333333333333
2013-03-04 00:00:00,Toronto Raptors,16,8,50.00%,5,2,0.4
2013-12-03 00:00:00,Toronto Raptors,15,8,53.33%,7,3,0.42857142857142855
2014-03-02 00:00:00,Toronto Raptors,27,13,48.15%,11,4,0.36363636363636365
2015-01-02 00:00:00,Toronto Raptors,18,10,55.56%,11,5,0.45454545454545453
2015-02-27 00:00:00,Toronto Raptors,11,7,63.64%,3,2,0.6666666666666666
2015-11-17 00:00:00,Toronto Raptors,23,13,56.52%,10,5,0.5
2015-12-05 00:00:00,Toronto Raptors,24,14,58.33%,15,9,0.6
2016-11-16 00:00:00,Toronto Raptors,19,10,52.63%,9,3,0.3333333333333333
2016-12-28 00:00:00,Toronto Raptors,18,9,50.00%,6,3,0.5
2017-10-25 00:00:00,Toronto Raptors,20,9,45.00%,11,4,0.36363636363636365
2018-01-13 00:00:00,Toronto Raptors,12,6,50.00%,7,2,0.2857142857142857
2010-02-19 00:00:00,Utah Jazz,9,4,44.44%,6,3,0.5
2010-03-31 00:00:00,Utah Jazz,16,6,37.50%,4,1,0.25
2010-04-13 00:00:00,Utah Jazz,15,5,33.33%,4,1,0.25
2010-11-05 00:00:00,Utah Jazz,17,7,41.18%,4,1,0.25
2011-01-30 00:00:00,Utah Jazz,18,10,55.56%,8,3,0.375
2011-02-16 00:00:00,Utah Jazz,7,1,14.29%,3,,
2012-02-02 00:00:00,Utah Jazz,14,10,71.43%,5,2,0.4
2012-12-26 00:00:00,Utah Jazz,18,7,38.89%,7,4,0.5714285714285714
2013-02-19 00:00:00,Utah Jazz,22,12,54.55%,9,4,0.4444444444444444
2013-04-07 00:00:00,Utah Jazz,19,8,42.11%,9,4,0.4444444444444444
2013-11-16 00:00:00,Utah Jazz,20,7,35.00%,5,,
2013-11-18 00:00:00,Utah Jazz,15,7,46.67%,7,4,0.5714285714285714
2014-01-31 00:00:00,Utah Jazz,26,14,53.85%,13,8,0.6153846153846154
2014-04-06 00:00:00,Utah Jazz,18,12,66.67%,10,5,0.5
2014-11-21 00:00:00,Utah Jazz,9,3,33.33%,6,2,0.3333333333333333
2015-01-13 00:00:00,Utah Jazz,15,10,66.67%,8,4,0.5
2015-01-30 00:00:00,Utah Jazz,22,10,45.45%,11,5,0.45454545454545453
2015-03-21 00:00:00,Utah Jazz,18,8,44.44%,6,3,0.5
2015-11-30 00:00:00,Utah Jazz,20,9,45.00%,8,4,0.5
2015-12-23 00:00:00,Utah Jazz,14,5,35.71%,8,2,0.25
2016-03-09 00:00:00,Utah Jazz,11,3,27.27%,8,2,0.25
2016-03-30 00:00:00,Utah Jazz,23,11,47.83%,10,5,0.5
2016-12-08 00:00:00,Utah Jazz,16,7,43.75%,9,3,0.3333333333333333
2016-12-20 00:00:00,Utah Jazz,18,8,44.44%,9,4,0.4444444444444444
2017-04-10 00:00:00,Utah Jazz,16,9,56.25%,8,6,0.75
2017-05-02 00:00:00,Utah Jazz,11,7,63.64%,4,1,0.25
2017-05-04 00:00:00,Utah Jazz,15,8,53.33%,8,5,0.625
2017-05-06 00:00:00,Utah Jazz,19,6,31.58%,10,3,0.3
2017-05-08 00:00:00,Utah Jazz,15,9,60.00%,10,4,0.4
2018-01-30 00:00:00,Utah Jazz,13,4,30.77%,7,1,0.14285714285714285
2009-12-18 00:00:00,Washington Wizards,17,9,52.94%,9,5,0.5555555555555556
2010-04-06 00:00:00,Washington Wizards,21,10,47.62%,6,3,0.5
2011-03-02 00:00:00,Washington Wizards,18,9,50.00%,7,3,0.42857142857142855
2011-03-27 00:00:00,Washington Wizards,11,3,27.27%,4,1,0.25
2012-03-05 00:00:00,Washington Wizards,7,5,71.43%,3,2,0.6666666666666666
2012-12-08 00:00:00,Washington Wizards,15,7,46.67%,8,2,0.25
2013-03-23 00:00:00,Washington Wizards,18,13,72.22%,10,6,0.6
2014-01-05 00:00:00,Washington Wizards,17,5,29.41%,5,1,0.2
2014-01-28 00:00:00,Washington Wizards,23,8,34.78%,7,2,0.2857142857142857
2015-02-24 00:00:00,Washington Wizards,18,11,61.11%,9,5,0.5555555555555556
2015-03-23 00:00:00,Washington Wizards,14,8,57.14%,8,5,0.625
2016-02-03 00:00:00,Washington Wizards,28,19,67.86%,16,11,0.6875
2016-03-29 00:00:00,Washington Wizards,20,9,45.00%,8,6,0.75
2017-02-28 00:00:00,Washington Wizards,20,9,45.00%,9,2,0.2222222222222222
2017-04-02 00:00:00,Washington Wizards,22,15,68.18%,14,9,0.6428571428571429
2017-10-27 00:00:00,Washington Wizards,19,7,36.84%,13,3,0.23076923076923078
2018-02-28 00:00:00,Washington Wizards,15,5,33.33%,9,4,0.4444444444444444
